variable,estimate,std_error,t_value,p_value,district
no_of_children_not_attending_sch,0.004707471871884101,0.0028759445407931044,1.6368437586720337,0.10196711810767065,ahmadnagar
total_minority_children_getting_,-0.0071360459645825715,0.0030121409303880088,-2.369094318459841,0.018014459657175082,ahmadnagar
is_vocational_edu_centre_availab,-4.433439218827784,1.8805231043679305,-2.357556367443794,0.018581002779314917,ahmadnagar
availability_of_ssc_school,-2.149430031130192,1.16513777081247,-1.8447861574613262,0.06535422812882588,ahmadnagar
total_no_of_pregnant_women,0.07703822156667191,0.01896413043973502,4.062312364465488,5.226016242353761e-5,ahmadnagar
total_no_of_women_delivered_babi,-0.05181385595997904,0.030808402353027658,-1.6818092469143275,0.09290749786465027,ahmadnagar
total_anemic_pregnant_women,-0.08013653713579366,0.02665149853626569,-3.00683044245144,0.002703602388868312,ahmadnagar
total_no_of_lactating_mothers,-0.0140838668713101,0.009245586944496322,-1.5233069523718978,0.12798739642374218,ahmadnagar
total_anemic_adolescent_girls,0.03692391015774644,0.009526405312301884,3.8759541450608763,1.1289285627109568e-4,ahmadnagar
total_hhd_having_piped_water_con,0.010399944684391772,0.0022303050378507123,4.663014479137765,3.523412892713514e-6,ahmadnagar
public_transport,-2.5174361310482327,0.8870151869229602,-2.8380981162015653,0.004627003417372352,ahmadnagar
telephone_services,1.6849006189033848,1.192701829983704,1.4126754705544518,0.1580517912622034,ahmadnagar
is_broadband_available,1.3273249016048418,0.8456764496351545,1.569542231165929,0.1168272966613883,ahmadnagar
weekly_haat,1.9683762392513262,0.9769166980661218,2.014886472048099,0.044174752293087614,ahmadnagar
any_primary_sch_toilet,-6.652981023882357,2.49506076633394,-2.666460518177183,0.0077849837176429725,ahmadnagar
is_primary_school_with_computer_,1.5133598311386396,0.8232548408787341,1.8382641145763494,0.06630992717913804,ahmadnagar
total_hhd_availing_pmjdy_bank_ac,0.005179029275646728,0.002073615852137016,2.4975837594554227,0.012658654263718391,ahmadnagar
total_shg,-0.01603355137016066,0.010368097647009685,-1.5464313624385064,0.1223061187536587,ahmadnagar
availability_of_high_school,2.974317146742388,1.611560643234226,1.8456129213811394,0.06557319138144205,akola
availability_of_middle_school,2.6155991003780623,1.3773748722980312,1.8989740215125028,0.05817609910300061,akola
is_vocational_edu_centre_availab,15.09734855258806,3.311938279073391,4.5584631356149465,6.569456833751116e-6,akola
total_no_of_newly_born_children,0.07736419351199293,0.03546799959636029,2.18123926898691,0.029657473844224718,akola
total_no_of_lactating_mothers,0.0636579617016206,0.03744259656139021,1.7001481613928175,0.08976043227072693,akola
sub_centre,3.4607511669456463,1.5585727154937228,2.220461793371863,0.026860535738903197,akola
availability_of_mother_child_hea,-2.2894713222803955,1.139293866273019,-2.00955292576968,0.04504600693479012,akola
total_hhd_having_piped_water_con,-0.007673774448199572,0.0028602633243153455,-2.6828909013251168,0.007554527425487139,akola
telephone_services,3.023120642345349,1.8619148587923302,1.6236621283027928,0.10511414092338321,akola
is_primary_school_with_computer_,-1.7177012509861687,1.0242022042004726,-1.6771114570360306,0.09418135969178527,akola
is_village_connected_to_all_weat,3.846045105159319,1.125222780347532,3.4180298980184567,6.852584686734532e-4,akola
is_atm_available,5.013050143793974,1.9989981987071435,2.5077812211317525,0.012483080847301311,akola
gp_total_hhd_receiving_food_grai,-0.0047404333699668,0.002749341918928214,-1.7242065591517188,0.08532391691977058,akola
total_hhd_having_pmsbhgy_benefit,0.022845344882986146,0.007184052769251534,3.1800079449258103,0.001569389662069713,akola
total_hhd_got_benefit_under_stat,0.07304869790178944,0.010598764489309293,6.892189931710609,1.7626577474984853e-11,akola
availability_of_middle_school,2.887021208269342,0.9661861411940165,2.9880590138682286,0.002886719105638642,amravati
total_minority_children_getting_,0.008480891966131074,0.004292657679314095,1.9756739529917975,0.04850844310431065,amravati
is_vocational_edu_centre_availab,-3.8250488559694378,1.9820500858487575,-1.9298447013418774,0.05395203863317473,amravati
total_no_of_women_delivered_babi,-0.09284749298445047,0.059266272149297736,-1.5666160468226893,0.11756935408271335,amravati
total_underweight_child_age_unde,0.04954951303546108,0.01854155771456009,2.6723489902119413,0.007673639803111871,amravati
total_no_of_lactating_mothers,0.08218693818110889,0.04500679630430927,1.826100609903659,0.06817890055836195,amravati
sub_centre,2.7041705428085288,1.3034836846429427,2.074571837505791,0.03832077480513507,amravati
chc,2.5207991985686062,1.3635547535897128,1.8486967185823056,0.06484192032814268,amravati
is_bank_available,3.700621016865903,1.5813610474024553,2.3401493434687453,0.019502014596656084,amravati
weekly_haat,1.8048557349058867,0.9513075977667216,1.8972367498619211,0.05812874443402724,amravati
total_hhd_having_bpl_cards,0.011985286857136544,0.003081965789302851,3.8888448725602656,1.0842084103124727e-4,amravati
gp_total_hhd_receiving_food_grai,-0.004242763026346528,0.002233556919223019,-1.8995544684047925,0.05782323909670666,amravati
total_no_of_farmers_subscribed_a,-0.012869220943366245,0.008634535995769651,-1.4904357280659097,0.13647340629686763,amravati
availability_of_high_school,3.2128255936766137,1.2075683806756876,2.6605744611157314,0.007961663951145918,aurangabad
no_of_children_not_attending_sch,0.007681408593498941,0.005398327002255517,1.4229239151851143,0.1551595722963547,aurangabad
total_minority_children_getting_,0.01387088677265717,0.006430558705478259,2.157026692072715,0.03130960537662762,aurangabad
availability_of_mid_day_meal_sch,3.813500953970072,1.299990444715819,2.9334838340321125,0.0034504352552467733,aurangabad
is_vocational_edu_centre_availab,-3.8626809176369257,2.3222763127491883,-1.6633166761556273,0.09665231641211851,aurangabad
total_no_of_women_delivered_babi,0.1144421473264954,0.05320100948717949,2.1511273644924715,0.031773837511616235,aurangabad
total_no_of_newly_born_children,0.03442325755496838,0.020046919747130337,1.717134501917482,0.08635309277517378,aurangabad
total_no_of_newly_born_underweig,-0.08753417628877896,0.028863531870134736,-3.032691102482544,0.002504460171620903,aurangabad
total_no_of_lactating_mothers,0.05447381455736029,0.02456396906230817,2.217630807919672,0.026868575547041952,aurangabad
phc,5.7928304596531826,3.804444882263018,1.522648018022383,0.12825364857914248,aurangabad
availability_of_mother_child_hea,-1.5078826757195976,1.0042457402165021,-1.50150766424413,0.133630561525273,aurangabad
total_hhd_having_piped_water_con,-0.004244327439991305,0.002595190212606972,-1.6354590963595337,0.10235784419089784,aurangabad
is_bank_available,-3.2293812678454055,1.7347266005875257,-1.861608201979299,0.06303572550563284,aurangabad
weekly_haat,4.713746934241886,1.2329517033524169,3.8231399668171324,1.4230974321745174e-4,aurangabad
recreational_centre,-1.7040638741020508,1.1098360029196261,-1.5354195301100342,0.1250878863049369,aurangabad
total_hhd_having_bpl_cards,0.005478028865130987,0.003017584696759535,1.8153687189007905,0.0698526414310894,aurangabad
total_no_of_beneficiaries_receiv,-0.07712290468036317,0.050721875708845746,-1.520505769996853,0.1287907213793481,aurangabad
total_no_of_farmers_received_ben,0.00494538787764945,0.001927419429192256,2.565807837540564,0.01048003467151139,aurangabad
total_shg,0.041927393640424894,0.0131300349376929,3.193243113166615,0.0014635392711368645,aurangabad
gp_total_no_of_eligible_benefici,-0.009515282191671566,0.004415135307205122,-2.155150755208666,0.03145659098402881,aurangabad
total_hhd_having_bpl_cards,0.020585361519371546,0.00481994516839222,4.2708704767772625,2.375938283223087e-5,bhandara
total_hhd_registered_under_pmjay,0.01276129493007016,0.0047839457863608085,2.6675249887766377,0.007916237896214927,bhandara
total_shg,0.03939536410282778,0.013540545696824112,2.9094369595508867,0.003799808616153077,bhandara
availability_of_middle_school,1.8790827516555177,1.0541286074563068,1.7825934505182328,0.07532507091998676,bhandara
availability_of_adult_edu_centre,7.079126040433896,1.8187339520975976,3.8923373219427386,1.1427321259906722e-4,bhandara
total_hhd_having_piped_water_con,0.007834101065055502,0.0032882615104604393,2.3824446565864923,0.01761159142431434,bhandara
total_hhd_availing_pmjdy_bank_ac,-0.00535336111450102,0.0033195943479107995,-1.6126552082697032,0.10751892881474487,bhandara
total_no_of_newly_born_underweig,0.1964113014904584,0.11143071588168586,1.762631604188944,0.078639916536311,bhandara
is_broadband_available,2.1084549999814017,1.0123637503224336,2.08270495591122,0.03784102506897735,bhandara
availability_of_public_library,-1.7451336938577062,1.1949398118756163,-1.4604364809960493,0.1448664119928634,bhandara
is_village_connected_to_all_weat,2.006284876247822,1.0838894943420887,1.8510050025585116,0.06482243659169361,bhandara
total_anemic_adolescent_girls,-0.05575396478035819,0.029677195641190427,-1.8786803663812002,0.06093291809208946,bhandara
availability_of_middle_school,1.9624934757505577,0.6678014464940848,2.938737982754491,0.0033806487562363214,bid
availability_of_mid_day_meal_sch,3.9090750972747794,1.0762964483264283,3.6319687790042785,2.9734423177791766e-4,bid
availability_of_govt_degree_coll,-6.810037507763707,1.6938736206925165,-4.020392917494942,6.302365172779496e-5,bid
availability_of_public_library,-1.5069610226757815,0.7821504224880006,-1.9266895207729695,0.05433645543674117,bid
total_underweight_child_age_unde,0.03973408285134901,0.01870477364006372,2.1242749907565117,0.03392230067138868,bid
total_no_of_lactating_mothers,0.0780148763136898,0.0156047593863355,4.999428339920735,6.924799694505834e-7,bid
sub_centre,3.5357615454207347,1.1673994247480115,3.0287504606094395,0.00252656560512137,bid
chc,1.3185359560177219,0.9228779457052209,1.4287219259640638,0.1534350265824277,bid
no_electricity,-14.099191723458325,8.494565802743374,-1.6597895702809087,0.09730906884013889,bid
total_hhd_having_bpl_cards,0.0055358357613625505,0.0020426408017703065,2.7101366802057307,0.006854926378889255,bid
total_no_of_farmers_received_ben,0.0024859956917769412,0.001112131772316425,2.2353427477383705,0.025642197716533074,bid
total_hhd_got_benefit_under_stat,-0.01707691807336061,0.00974970134125869,-1.7515324291108978,0.08019867581463289,bid
availability_of_high_school,4.5969778974878714,1.469458200819034,3.128348866899138,0.0018240476268053113,buldana
availability_of_middle_school,1.817948345633118,1.0324649367082146,1.7607845855078073,0.07867127486431934,buldana
is_vocational_edu_centre_availab,4.6873108662827265,2.461928555237003,1.9039183148966288,0.05729286284107573,buldana
availability_of_ssc_school,-2.4885510536423143,1.595251942751747,-1.5599736862565177,0.11917645382704382,buldana
phc,4.046038568216332,2.588601654598007,1.563020931022566,0.11845801103460382,buldana
chc,-2.596189624256328,1.273511909480236,-2.038606474686147,0.04182999276013021,buldana
no_electricity,-6.1228247080596905,3.9970266799968757,-1.5318448432434473,0.12597092094889958,buldana
telephone_services,-1.9493814247618095,1.3191577280205093,-1.4777470376396884,0.139883867431972,buldana
is_village_connected_to_all_weat,1.5150670560748107,0.9145808642615997,1.6565698182391149,0.09801334299068148,buldana
recreational_centre,-3.289721024469082,0.9130886151409863,-3.6028496795583522,3.3493993309327926e-4,buldana
total_hhd_availing_pmjdy_bank_ac,0.0043244625412216225,0.002316011081577332,1.8672028711867923,0.06225254262787507,buldana
total_no_of_beneficiaries_receiv,0.10378514114924092,0.04339332862420774,2.3917303521016944,0.01700783638202409,buldana
total_hhd_having_pmsbhgy_benefit,0.0089925628876884,0.003725159498849682,2.4140074781939607,0.016010155264575568,buldana
availability_of_middle_school,2.0831753243820885,0.6746506715419057,3.0877836667990226,0.0020820454594393913,chandrapur
no_of_children_not_attending_sch,0.059047838210358305,0.007804541944614405,7.5658300806628125,1.0013639624110667e-13,chandrapur
total_minority_children_getting_,0.006555220534017556,0.0040320851696700475,1.625764401835287,0.10437045601954331,chandrapur
availability_of_adult_edu_centre,-2.0026520718795937,1.2809465831776516,-1.5634157568940954,0.11832704329532265,chandrapur
availability_of_govt_degree_coll,-2.4836013396697405,1.4513962752867262,-1.71118073124385,0.08741258706620283,chandrapur
availability_of_public_library,1.9345389158140853,0.9055125505111223,2.1364021014641073,0.03293167229937351,chandrapur
total_no_of_women_delivered_babi,0.13255008165992566,0.0654775776616626,2.0243583589002303,0.04324557533858058,chandrapur
total_anemic_adolescent_girls,-0.02174475063791694,0.014889202413888773,-1.4604375730450985,0.14453936391910865,chandrapur
sub_centre,1.573497969353828,0.7422396053295123,2.1199326444663167,0.03430092929325012,chandrapur
availability_of_mother_child_hea,0.9235535992187882,0.6442041526267888,1.4336349671962405,0.15204419281899886,chandrapur
total_hhd_having_piped_water_con,0.00659494715299514,0.0026265842292175425,2.510845485035053,0.012228812149280559,chandrapur
is_bank_available,-2.1505521768861238,1.2130492228982375,-1.7728482375579027,0.07661193904274874,chandrapur
public_transport,2.1132269573362237,0.6974699217951447,3.029846723565097,0.0025208629312846657,chandrapur
telephone_services,-1.6647460467698345,0.8343404552382159,-1.9952838632216703,0.04633074081907172,chandrapur
weekly_haat,1.241018083094032,0.8389155637775864,1.4793122653557673,0.13942737310817047,chandrapur
is_atm_available,-2.2925715913392275,1.5116655875187657,-1.5165864793563462,0.12974291618151723,chandrapur
total_hhd_having_bpl_cards,0.006509436462355936,0.0027914106682954977,2.3319522764204215,0.019935953502239385,chandrapur
gp_total_hhd_receiving_food_grai,-0.0067487913919743675,0.0024167391582663052,-2.7925195687298516,0.005347366224199452,chandrapur
total_hhd_availing_pmjdy_bank_ac,0.012823217980185658,0.0028467540777953495,4.504505001048955,7.582311821970642e-6,chandrapur
total_no_of_beneficiaries_receiv,-0.14081223824436523,0.07054301436892003,-1.996118814939733,0.04623961963945605,chandrapur
total_no_of_farmers_received_ben,0.009223716672923873,0.0030064118717353697,3.06801498478641,0.002223196685554119,chandrapur
total_shg,0.02883369217583363,0.010940152152731102,2.6355842015081645,0.008552301407092979,chandrapur
total_hhd_got_benefit_under_stat,0.01701837723308838,0.006948118514474629,2.449350453311201,0.014512290290386497,chandrapur
gp_total_no_of_eligible_benefici,-0.005576437615273407,0.003357345399260644,-1.6609663147859175,0.09708898942782969,chandrapur
total_no_of_farmers_subscribed_a,0.009601024092261145,0.0045394997892148695,2.1149960431921713,0.03472073175254558,chandrapur
is_primary_school_with_computer_,4.823008563497646,1.5494622363352388,3.1126983610164918,0.0019784616994953743,dhule
total_hhd_having_bpl_cards,0.011747922594142444,0.003762779666994225,3.1221393846658296,0.0019174819034203706,dhule
sub_centre,4.432779188608438,1.7358460636216226,2.5536706747832274,0.011005840599003251,dhule
total_hhd_having_pmsbhgy_benefit,0.012455482765586126,0.00746649214986976,1.6681840033546933,0.09601229106748736,dhule
telephone_services,4.666648204615704,3.086281978759352,1.512061515030989,0.13125793256044904,dhule
no_of_children_not_attending_sch,0.00798234013174436,0.004752130402747799,1.6797392864322018,0.0937394995564201,dhule
public_transport,5.064640152110734,3.410506022131234,1.485011350000733,0.13827866843351863,dhule
is_vocational_edu_centre_availab,-8.924349949565954,4.491010361658048,-1.987158619307026,0.04754332338707779,dhule
total_no_of_newly_born_underweig,-0.14180024301627878,0.07078706575497211,-2.0031942488917007,0.045787945640070195,dhule
is_bank_available,-3.7480266350093743,2.605337610777571,-1.438595374167559,0.1509977465692731,dhule
availability_of_high_school,-1.3207749038192564,0.9143321926968011,-1.4445241175678856,0.14895205456561675,gadchiroli
total_minority_children_getting_,0.011201529730244457,0.006662758106918617,1.681215129003824,0.09308046391868444,gadchiroli
availability_of_govt_degree_coll,-7.611883785455902,1.8809082561451482,-4.046919226701772,5.6520155813459724e-5,gadchiroli
total_no_of_pregnant_women,0.12736070748031458,0.059825947261729635,2.1288540058234333,0.033547004722314686,gadchiroli
total_no_of_newly_born_children,0.07213572302442571,0.03316302667581766,2.1751851460839906,0.029885205572682535,gadchiroli
total_no_of_newly_born_underweig,-0.175397534095762,0.08746008925258818,-2.005457981974007,0.04522374003152052,gadchiroli
sub_centre,1.0473727966926727,0.6744924352200484,1.5528310504342049,0.12082759771350395,gadchiroli
availability_of_mother_child_hea,1.798738802258639,0.6545088039997654,2.7482270540386553,0.006116022826407721,gadchiroli
is_bank_available,-2.269474855638457,1.34877175489903,-1.682623355208348,0.0928072504782957,gadchiroli
is_primary_school_with_computer_,1.5516480826920735,0.5799050003500307,2.675693573525834,0.007597796027003577,gadchiroli
recreational_centre,2.1431086365719936,0.5932977221842034,3.612197647889527,3.210266758795401e-4,gadchiroli
total_hhd_having_bpl_cards,0.011133102685717204,0.004209242444253985,2.644918375018988,0.00831854028811783,gadchiroli
gp_total_hhd_receiving_food_grai,0.005851607636082252,0.00333854792149748,1.7527403451071502,0.07999921044488355,gadchiroli
total_no_of_beneficiaries_receiv,-0.13223427292836354,0.08279685626828115,-1.5970929198071677,0.11060854166367354,gadchiroli
total_no_of_farmers_received_ben,0.00935476148773485,0.004384932420943709,2.133387835820182,0.033172458493428356,gadchiroli
total_shg,0.12265698516241924,0.03508619264533894,3.4958761813306563,4.964269222074349e-4,gadchiroli
total_hhd_having_pmsbhgy_benefit,0.009149215764193181,0.006040661657492774,1.5146049030646485,0.13023611130060112,gadchiroli
total_hhd_got_benefit_under_stat,0.013982841813442027,0.007391894301009585,1.8916452595287043,0.05887054225262438,gadchiroli
availability_of_mid_day_meal_sch,4.773750859401557,1.7530756057156054,2.723071865148059,0.0066809892148365696,gondiya
availability_of_ssc_school,3.1324636839072584,1.5205855371608148,2.060037799488799,0.03988258257614369,gondiya
total_no_of_pregnant_women,-0.11907376982686738,0.05293704185066832,-2.249346878179671,0.024900116578477384,gondiya
total_no_of_newly_born_children,0.08285147480667006,0.03558210646556913,2.3284589653746592,0.020262971275382995,gondiya
total_underweight_child_age_unde,0.050821699667369616,0.03117102921982644,1.6304145528516683,0.10360800536558236,gondiya
sub_centre,2.6870440619896394,1.2865206930398592,2.0886131692452996,0.03721912901738979,gondiya
is_primary_school_with_computer_,1.956614200239598,1.0228759523439603,1.912855802070564,0.0563051163230562,gondiya
is_village_connected_to_all_weat,-2.2036035781371806,1.1304307399639366,-1.9493485980463348,0.051780885003521473,gondiya
is_atm_available,4.789979079561432,2.3853024393908386,2.0081223246410222,0.04513719999503989,gondiya
total_hhd_having_bpl_cards,0.016401323577232067,0.0051446338526304975,3.188044872978846,0.0015169373048418474,gondiya
gp_total_hhd_receiving_food_grai,-0.01253450463543221,0.003696831586197406,-3.3906074277852927,7.493762633632832e-4,gondiya
total_no_of_beneficiaries_receiv,0.22207032553006673,0.08235350911438809,2.6965496421240966,0.007229080560398044,gondiya
total_shg,0.062003812107843906,0.015485821672241598,4.003908440905399,7.119757177878848e-5,gondiya
total_hhd_having_pmsbhgy_benefit,0.01887820132473384,0.0071310181255383204,2.6473360454835086,0.008354338855804116,gondiya
total_no_of_farmers_subscribed_a,0.013763864599993287,0.005941397118234452,2.3166040454948353,0.02090571989302404,gondiya
chc,10.54545829684466,2.627548350306876,4.013421216630719,7.103471460702217e-5,hingoli
gp_total_hhd_receiving_food_grai,0.02479398332913504,0.007538464239542814,3.2889966100892085,0.0010913903430810772,hingoli
weekly_haat,9.437568692056715,2.497813648511893,3.7783317813477706,1.8104189229237207e-4,hingoli
total_hhd_having_bpl_cards,0.014440161082950676,0.009401757058488877,1.5359002570602063,0.12532670860956852,hingoli
total_hhd_got_benefit_under_stat,0.0513201777857608,0.020649243147320244,2.485329724659709,0.013337027801330418,hingoli
total_hhd_registered_under_pmjay,0.018538236938684113,0.011636736940013423,1.5930786297092945,0.11190571829464617,hingoli
availability_of_mid_day_meal_sch,5.538805243040968,2.9236018592453554,1.8945142018997938,0.05885340366566962,hingoli
availability_of_public_library,-8.19504463469886,2.4452103222769987,-3.351468198885882,8.77678815565991e-4,hingoli
total_hhd_having_piped_water_con,-0.014088151482978902,0.007984600684989072,-1.764415283717871,0.07839945388874278,hingoli
sub_centre,-6.037992607201899,2.630698812739054,-2.2952048246508343,0.022220722548941342,hingoli
total_hhd_availing_pmjdy_bank_ac,-0.0207617139007069,0.007151626911209001,-2.903075643972188,0.0038927923515603754,hingoli
total_no_of_farmers_received_ben,0.01881091478166937,0.00844531816216306,2.2273778702555616,0.026458943030930687,hingoli
is_village_connected_to_all_weat,-2.6396394260652714,1.7698301896824098,-1.4914647978396989,0.13660105941503758,hingoli
availability_of_high_school,3.248932026172196,1.1942204143513082,2.7205463808261827,0.006639307352650684,jalgaon
availability_of_mid_day_meal_sch,4.862126544205968,1.546988378408675,3.142962553608478,0.001725567108712129,jalgaon
availability_of_ssc_school,-5.135263539789641,1.5798417899402042,-3.250492278713558,0.0011935184471556955,jalgaon
is_early_childhood_edu_provided_,6.025642975423393,2.390080820078697,2.52110427597381,0.011865280561940902,jalgaon
availability_of_govt_degree_coll,4.78033638916078,2.208196955125265,2.164814319694415,0.030656231995037305,jalgaon
total_anemic_pregnant_women,0.2206804366962463,0.04581556646360547,4.816713046024397,1.7037389208571025e-6,jalgaon
total_no_of_newly_born_underweig,0.11397949079233786,0.07298594039691413,1.5616636597746292,0.11870817997340564,jalgaon
total_underweight_child_age_unde,0.01403732695761158,0.008753448839528966,1.6036338607728637,0.10913504905628951,jalgaon
total_no_of_lactating_mothers,0.029471648254077748,0.014602097746627855,2.018316050574569,0.04384563834046431,jalgaon
chc,-3.010227992780732,1.347813408765035,-2.233415970789994,0.025759201316089952,jalgaon
is_bank_available,-2.715399056166598,1.4282033795073008,-1.9012691715540906,0.05757629599440247,jalgaon
telephone_services,2.448192116531314,1.5016683693238153,1.630314766258084,0.10337432184512828,jalgaon
is_broadband_available,2.1580710381962374,0.9041958709807175,2.3867295875345347,0.017198454232291563,jalgaon
total_hhd_availing_pmjdy_bank_ac,0.004794145225140958,0.0015966236973387407,3.0026769821416655,0.002747907972215335,jalgaon
total_no_of_beneficiaries_receiv,0.06395526953858081,0.040495570617650266,1.5793151834414572,0.1146045552584615,jalgaon
availability_of_middle_school,1.6968571466794669,0.9030162867600001,1.8790991608443164,0.06071303177863677,jalna
no_of_children_not_attending_sch,0.01871037971430346,0.009158997208222773,2.042841512988522,0.041502414066501306,jalna
availability_of_mid_day_meal_sch,3.1051066600516943,1.5879460548423323,1.9554232655340433,0.05099460672524936,jalna
availability_of_adult_edu_centre,-1.9484278344840256,1.2209700167505788,-1.5958031792373266,0.11105666919064253,jalna
total_no_of_pregnant_women,-0.06253552273146887,0.03618721395858128,-1.728111006363878,0.08448027284760623,jalna
total_no_of_lactating_mothers,0.2937054270879063,0.03351530688593289,8.7633220273803,1.919610660213818e-17,jalna
total_anemic_adolescent_girls,-0.05291835581669053,0.030927124238131803,-1.7110661634502857,0.08758318261402855,jalna
phc,-5.344922016350722,3.3506478472393777,-1.59519061985414,0.11119356327625494,jalna
total_hhd_having_piped_water_con,0.004449743228454764,0.0027699497295088867,1.6064346515211687,0.10870194168975529,jalna
no_electricity,26.90083624188846,7.388867661032975,3.6407251389487847,2.9522471740399305e-4,jalna
is_broadband_available,1.6299451471786373,0.949071116201786,1.717410970952031,0.08641754878755341,jalna
weekly_haat,2.0379094333040118,1.1247391719743247,1.8118951345197147,0.07049971653163292,jalna
is_village_connected_to_all_weat,-1.3298472623835182,0.9484004162084327,-1.4022002095908548,0.161370042949521,jalna
is_atm_available,-6.809373875442667,1.9234523059248636,-3.540183374689127,4.306767940589926e-4,jalna
recreational_centre,-1.8777459518935509,1.0818740874060246,-1.7356418586526674,0.08313802511981627,jalna
total_hhd_having_bpl_cards,0.018796680801423195,0.00381769751574665,4.923564720330394,1.0985157758386334e-6,jalna
total_no_of_beneficiaries_receiv,-0.16284518002755544,0.07022406504595989,-2.3189369615811524,0.020731799331952617,jalna
total_no_of_farmers_received_ben,0.004801145004298711,0.0032137202963940306,1.493952354747816,0.13571114458588562,jalna
total_hhd_got_benefit_under_stat,0.04814462965292146,0.014141643506114542,3.4044578787539623,7.069631371030424e-4,jalna
availability_of_high_school,4.397495403715694,1.0848792252963266,4.053442356696019,5.548251533641011e-5,kolhapur
total_minority_children_getting_,0.003173153515707367,0.0019927246115777173,1.5923693104764027,0.1117032917171546,kolhapur
is_vocational_edu_centre_availab,5.550284238582338,2.1658518430255906,2.562633384391085,0.010573113301384145,kolhapur
availability_of_adult_edu_centre,-3.1391886639483095,1.7352581798820037,-1.8090614413134605,0.07082292867880677,kolhapur
availability_of_ssc_school,-2.100291995926003,1.4028081585450782,-1.4972054326404258,0.13474074926037707,kolhapur
total_no_of_pregnant_women,0.027278159379873143,0.00849543972338585,3.210917888662443,0.0013768510115385287,kolhapur
total_anemic_pregnant_women,-0.10005119212966465,0.04417249486152426,-2.2650111215885302,0.023783108799541063,kolhapur
phc,3.45632827766546,1.706578977168171,2.0252964110695615,0.043174002395047886,kolhapur
is_bank_available,2.5835526893266283,1.3740744422741684,1.8802130436621085,0.060448172895767795,kolhapur
telephone_services,-3.2189540616416012,2.033055652439634,-1.5833083849814482,0.11375293764615282,kolhapur
is_broadband_available,2.947320580504385,0.9645481032970488,3.0556491381090902,0.0023215697632527114,kolhapur
weekly_haat,2.927470960278947,1.178370207497513,2.484338912892216,0.013186152512725735,kolhapur
any_primary_sch_toilet,-7.488318397541539,4.007026622686296,-1.8687967669457104,0.06202236685293487,kolhapur
is_primary_school_with_computer_,2.2529549413040475,0.9776452605629278,2.304470785248626,0.02145575232972167,kolhapur
is_atm_available,-3.536566329132148,1.6614031079937734,-2.1286624011452147,0.03359219159677218,kolhapur
total_hhd_availing_pmjdy_bank_ac,0.002770840912777314,0.001524762939260324,1.817227348220749,0.06956249206909888,kolhapur
total_no_of_farmers_received_ben,-0.0030356369149031684,0.0019600392827814482,-1.5487633036595896,0.12184064384780802,kolhapur
total_hhd_got_benefit_under_stat,0.03229184984029229,0.01472376394175935,2.1931789974373714,0.028586391304886754,kolhapur
availability_of_high_school,2.9667694689812363,1.1328612093670583,2.6188287183377055,0.009046171777148948,latur
no_of_children_not_attending_sch,-0.026007320796315177,0.007242605732116331,-3.590878995523575,3.5654204248502456e-4,latur
availability_of_mid_day_meal_sch,2.757408246743104,1.7771258056010535,1.551611167905191,0.12128257243667113,latur
is_vocational_edu_centre_availab,-3.7369359080185207,1.9389450822162677,-1.9273036365460645,0.05441358911089079,latur
total_no_of_newly_born_underweig,-0.08583723936781815,0.046848223306999066,-1.8322410821285975,0.06741098892633127,latur
total_no_of_lactating_mothers,0.10489287579872843,0.023274187418434452,4.506832995408787,7.91322814191581e-6,latur
sub_centre,4.838631940632952,1.483255909076461,3.2621693337097124,0.0011683714305623985,latur
chc,2.3737560895288037,1.6112669156216881,1.473223378767706,0.14121521261698675,latur
availability_of_mother_child_hea,2.173677927000284,0.9471383917435424,2.2949950566346096,0.02207766517816175,latur
weekly_haat,2.752004397103257,1.676549849286748,1.6414688762603973,0.10122414656273584,latur
is_atm_available,-4.408855422683903,2.3161206620203405,-1.9035516996070836,0.05744680855325147,latur
gp_total_hhd_receiving_food_grai,-0.004361849343039269,0.0025288640935739407,-1.7248255270510977,0.0850738977236165,latur
total_hhd_registered_under_pmjay,-0.008997987329603637,0.0035445645616327503,-2.5385310870057474,0.011383496646446827,latur
total_no_of_beneficiaries_receiv,0.10314847670219676,0.0479103807075109,2.1529462963759376,0.031720826798964895,latur
total_shg_accessed_bank_loans,0.11107588228028702,0.05805442701428056,1.9133059784220061,0.05618450662085592,latur
total_hhd_got_benefit_under_stat,0.012280772585453414,0.007579252921959879,1.620314391392258,0.10569017041451863,latur
availability_of_middle_school,2.2377090716254866,0.7508055327800537,2.9804110038185043,0.0029593068907101767,nagpur
no_of_children_not_attending_sch,0.011176447816012368,0.007330891712648994,1.5245686683283166,0.12773265241450732,nagpur
total_minority_children_getting_,-0.008505918169209085,0.0060687598884838195,-1.4015908234151855,0.16139658545158397,nagpur
availability_of_mid_day_meal_sch,3.253753416275656,1.7000881244108794,1.9138733866535054,0.0559664690498411,nagpur
availability_of_adult_edu_centre,2.591859331389576,1.8234346409930284,1.4214160865004022,0.15555666747464122,nagpur
availability_of_ssc_school,4.605170345510844,1.258637025038017,3.658854978759063,2.6869799194252994e-4,nagpur
availability_of_govt_degree_coll,-3.0819396776187538,1.6512113321576694,-1.8664719758139767,0.06231392939750711,nagpur
availability_of_public_library,-3.1224906539287223,1.0933445733452132,-2.8559072135649823,0.004394272191173271,nagpur
total_no_of_pregnant_women,0.08296150587699333,0.039880895453120534,2.0802317734944915,0.037798489192828674,nagpur
total_anemic_adolescent_girls,-0.049106158929236754,0.027397293630249894,-1.7923726186960918,0.07342306400576426,nagpur
total_hhd_having_piped_water_con,0.0033612325962648544,0.0020565677787792547,1.6343894088723045,0.10254138712843473,nagpur
no_electricity,11.365474244390018,4.573158282706706,2.485257133427526,0.013133989045467817,nagpur
public_transport,1.1542149214684978,0.7773978272788442,1.484715908595527,0.13798382826706945,nagpur
telephone_services,2.618319127577934,1.1585708580343843,2.2599559702547145,0.02407224481735839,nagpur
weekly_haat,2.0233043498355894,0.7691274916614297,2.6306488479107037,0.008673937567855615,nagpur
any_primary_sch_toilet,3.43082305843644,2.136240669126219,1.60600961680958,0.10863719262972746,nagpur
is_atm_available,-3.5587003665548687,1.4163254921640633,-2.512628902214688,0.012164645189289934,nagpur
total_hhd_availing_pmjdy_bank_ac,0.0053191505293941005,0.0032963313736163414,1.6136577080715533,0.10696683285918378,nagpur
total_shg_accessed_bank_loans,0.18117797695468932,0.04705325208280638,3.850487882024485,1.2658306363215468e-4,nagpur
total_hhd_got_benefit_under_stat,0.01558447647545074,0.007072979674751343,2.203382052840216,0.02783103256541593,nagpur
no_of_children_not_attending_sch,0.04509151520508211,0.006264724003416238,7.19768583268682,1.2173557043549796e-12,nanded
total_minority_children_getting_,0.0087615430815893,0.0057905676628369675,1.513071531452715,0.13058390070520842,nanded
is_early_childhood_edu_provided_,2.9360263285248074,1.9865023794967882,1.4779878236383226,0.13973234352481567,nanded
availability_of_public_library,2.6296393132474987,0.9544964903804826,2.755001552912226,0.0059779469025380925,nanded
total_anemic_pregnant_women,0.05175100182009276,0.035890719803205906,1.4419048184001635,0.1496487071017275,nanded
total_no_of_newly_born_children,0.07469063131304358,0.022082289470292695,3.3823771495036734,7.470353798659453e-4,nanded
total_underweight_child_age_unde,0.03743253721618398,0.013766099150454384,2.719182595379493,0.0066600152352241995,nanded
is_bank_available,-2.922490230222893,1.719380256829763,-1.699734668124813,0.08949817245643737,nanded
is_primary_school_with_computer_,1.6546554461678864,0.8624741426138834,1.9184986127852537,0.05533809392727745,nanded
is_village_connected_to_all_weat,-1.8227894555485307,0.8996048812064591,-2.0262111662889044,0.04301361598933881,nanded
gp_total_hhd_receiving_food_grai,0.008656816108811067,0.003067478439555603,2.822127776736782,0.004867091573160572,nanded
total_hhd_registered_under_pmjay,0.010297570595507602,0.00429024221113733,2.4002305904257435,0.01657042403284229,nanded
total_no_of_beneficiaries_receiv,-0.11975733560154463,0.03769295645197416,-3.1771807487197616,0.0015336653562760694,nanded
gp_total_no_of_eligible_benefici,-0.01541803489156387,0.003998367467293449,-3.8560825180984564,1.227359830049117e-4,nanded
total_no_of_farmers_subscribed_a,0.0075406165599757645,0.00455639987653246,1.6549505671820821,0.09825471329163324,nanded
no_of_children_not_attending_sch,0.017394672500301033,0.012157554052142484,1.4307707311599926,0.15304778415727047,nandurbar
is_vocational_edu_centre_availab,-5.6405135745435215,3.5705226574284885,-1.5797445124198854,0.11472404537074031,nandurbar
availability_of_ssc_school,-4.1580678579343004,1.9887724090143533,-2.090771090290348,0.036994013820995264,nandurbar
sub_centre,-3.1440386500901747,1.5055266692043168,-2.088331422087544,0.03721427367272204,nandurbar
chc,-3.877262139638324,1.664664118704488,-2.3291558315414242,0.020201820494283727,nandurbar
availability_of_mother_child_hea,3.760057223684549,1.2285395097473581,3.060591209197482,0.0023137140643990526,nandurbar
any_primary_sch_toilet,3.0945466647306605,1.956652667388633,1.5815513485388653,0.11431064247842375,nandurbar
recreational_centre,-2.4991215488758516,1.1722294669446178,-2.131938856126642,0.03344182660177316,nandurbar
total_hhd_having_bpl_cards,0.01997015533141405,0.00410340987453753,4.866722053610295,1.4733914922170497e-6,nandurbar
total_hhd_availing_pmjdy_bank_ac,0.014381111821107052,0.004037924333651943,3.561510972668628,3.997714929182884e-4,nandurbar
total_hhd_having_pmsbhgy_benefit,-0.013601783300341447,0.005542309175251162,-2.4541725967001926,0.014421032964850566,nandurbar
availability_of_middle_school,4.061370327671715,0.8354281507420054,4.861423838859766,1.3135491409744506e-6,nashik
availability_of_mid_day_meal_sch,6.813967470579662,1.3859359483010565,4.916509654672378,9.982119760911957e-7,nashik
is_early_childhood_edu_provided_,7.187387640788369,2.0412287264712705,3.521108412585104,4.4522582164052975e-4,nashik
total_no_of_newly_born_underweig,0.23939638004977018,0.0847732253717209,2.8239621531449868,0.004818762822885892,nashik
total_anemic_adolescent_girls,-0.022601129030912222,0.014241791642686146,-1.5869582702762683,0.1127752073957287,nashik
phc,-3.9061768299449193,2.2250033865223173,-1.7555824200565726,0.07940484926743127,nashik
sub_centre,1.891773818033871,1.025381611520783,1.8449461125288842,0.06528200050651789,nashik
availability_of_mother_child_hea,-2.5912819978786428,0.7966990619580795,-3.252522968346347,0.0011744315074523521,nashik
total_hhd_having_piped_water_con,0.004142624386085148,0.00182804738923327,2.2661471526855066,0.023612889784367548,nashik
no_electricity,-14.140152450517757,7.4154472130996405,-1.9068509348348803,0.0567691465833572,nashik
is_bank_available,3.5528893332017875,1.6221341790479027,2.1902561323793353,0.02869003440841131,nashik
is_primary_school_with_computer_,-2.342280015905146,0.7836826121921933,-2.9888120260229996,0.0028553893412143765,nashik
is_village_connected_to_all_weat,1.2514474213619378,0.800245615889583,1.5638291500926025,0.1181110136469017,nashik
is_atm_available,-3.8819779645069215,1.9185629640419553,-2.0233779329965373,0.04324682999190626,nashik
gp_total_hhd_receiving_food_grai,-0.004809873200292539,0.002357414443291349,-2.0403171847785675,0.04152870936299076,nashik
total_hhd_availing_pmjdy_bank_ac,0.010620991374336052,0.0021577590787797978,4.9222322727253545,9.699926584449007e-7,nashik
total_shg,-0.04118788801284241,0.02721711545325026,-1.5133083475943356,0.13045434040606704,nashik
total_hhd_having_pmsbhgy_benefit,-0.008488572111838169,0.005030682546993488,-1.687359922345177,0.09178385011651845,nashik
total_hhd_got_benefit_under_stat,0.015698385033522697,0.008286150329592967,1.894532974795044,0.05838511033613184,nashik
total_no_of_farmers_subscribed_a,-0.00622739186250727,0.0030904904126117776,-2.015017369765756,0.044116757155427885,nashik
total_hhd_having_bpl_cards,0.008599687148384052,0.004542528876869617,1.893149692932791,0.058976448060190555,osmanabad
total_no_of_newly_born_underweig,0.23394070806932243,0.04408160381150455,5.306991757143552,1.7498084974026707e-7,osmanabad
total_minority_children_getting_,-0.025553228430685988,0.012623181995713358,-2.0243095947886576,0.0435259058227824,osmanabad
weekly_haat,4.183569881453815,1.8498198253020064,2.2616093871579057,0.024195897284821938,osmanabad
availability_of_middle_school,2.47029488829693,1.3197174416252568,1.8718362055249609,0.06187484750076825,osmanabad
total_hhd_having_piped_water_con,0.005242854510261108,0.002929535889085644,1.7896536204912266,0.07417893516303047,osmanabad
total_hhd_having_pmsbhgy_benefit,0.022890754380833926,0.009100300681538406,2.515384401228844,0.012236022571007206,osmanabad
gp_total_hhd_receiving_food_grai,0.005911589568418043,0.0033234010415286834,1.7787770704010057,0.07594832193347983,osmanabad
is_bank_available,3.414235274916027,2.2895949579946935,1.4911961886509097,0.13660753156533442,osmanabad
no_of_children_not_attending_sch,0.04219174087117991,0.01347621521508841,3.13083014761746,0.0018561436027471584,osmanabad
is_village_connected_to_all_weat,2.3486508957800245,1.3023427871050322,1.8034045406745967,0.07199047743763744,osmanabad
is_atm_available,-7.617338498844669,2.7197607045178303,-2.800738493717998,0.005317215037353488,osmanabad
phc,6.7180645614962105,3.7221839235561336,1.8048717364503164,0.07176013872544684,osmanabad
total_no_of_farmers_subscribed_a,-0.008237618384129277,0.0033413254169687608,-2.4653744715480053,0.014057561517398617,osmanabad
telephone_services,-2.8906935487642142,2.000589122391022,-1.4449211566787767,0.14917291444223857,osmanabad
total_minority_children_getting_,-0.021607768804004043,0.013947426066870145,-1.5492298507557465,0.12192112519496379,parbhani
is_vocational_edu_centre_availab,5.013901934840658,2.7421754109355065,1.8284395355766614,0.06804337334862705,parbhani
availability_of_govt_degree_coll,-7.615944450678499,3.8088793449376657,-1.9995236816311224,0.0460597742660861,parbhani
availability_of_primary_school,-1364.2598356773394,263.48170718718177,-5.177816138515251,3.189134919974194e-7,parbhani
total_no_of_pregnant_women,-0.18019892296972093,0.0327901177290356,-5.495525342690521,6.050306133277228e-8,parbhani
total_no_of_lactating_mothers,0.32910446535116417,0.04565732700902436,7.20814131948888,1.955725822193282e-12,parbhani
total_hhd_having_bpl_cards,0.02599362393588077,0.004972367841637908,5.227614843418023,2.471188213530626e-7,parbhani
total_hhd_registered_under_pmjay,-0.017928796301752255,0.008834476579274476,-2.029412398218689,0.04291358493845949,parbhani
total_shg,0.1788796567422427,0.05695948889486969,3.1404715915271195,0.0017805031605876796,parbhani
total_hhd_having_pmsbhgy_benefit,0.038725397947427465,0.009641286329465917,4.016621498842331,6.753933533106228e-5,parbhani
total_no_of_farmers_subscribed_a,-0.009664809720239571,0.0049744089949090905,-1.9429061281713527,0.05255468061268965,parbhani
availability_of_middle_school,1.758773221295748,0.7912405485626944,2.2228047140538965,0.0264209844009509,pune
is_vocational_edu_centre_availab,5.094715405792471,1.7994986278360998,2.8311860464816663,0.004717604373068682,pune
availability_of_adult_edu_centre,2.3261033467173182,1.6516674245553054,1.4083363951696255,0.15929920670333558,pune
is_early_childhood_edu_provided_,3.054950191093337,1.9152258012752246,1.595086171593576,0.11096512687868397,pune
availability_of_public_library,1.3088023783485898,0.9106376743508375,1.4372372406858636,0.1509200354530113,pune
total_no_of_women_delivered_babi,0.13309353816439762,0.02777850495259756,4.791241947380328,1.8719020673328045e-6,pune
total_anemic_pregnant_women,-0.028347683368789404,0.006705112874924488,-4.227771239288593,2.5454924459399725e-5,pune
total_no_of_newly_born_children,-0.04265833890606896,0.016361935089916516,-2.607169547589656,0.009246445203975127,pune
total_no_of_lactating_mothers,0.016515099714864753,0.011688661182414996,1.4129162833217281,0.1579483610007153,pune
total_hhd_having_piped_water_con,0.008096991797398598,0.0010518718310090532,7.697698102278498,2.950442699144088e-14,pune
is_broadband_available,1.7511480318132515,0.7623156298202998,2.297143024899081,0.021787891320769876,pune
is_primary_school_with_computer_,3.493475954344512,0.8096879842132102,4.314595279241042,1.7349676536949413e-05,pune
is_village_connected_to_all_weat,-1.238107436329089,0.775183739805482,-1.5971793173058157,0.1104978618279628,pune
is_atm_available,2.1452303586806933,1.163339402495327,1.8440279372290156,0.065433737392759,pune
total_hhd_having_bpl_cards,0.0037564456498148714,0.0015255396899563553,2.4623716279203074,0.013946573465998263,pune
total_hhd_availing_pmjdy_bank_ac,-0.002640988006917463,0.0017180626072861545,-1.5371896202834878,0.124519352867823,pune
total_hhd_registered_under_pmjay,0.006281202778697944,0.003125899723066279,2.0094063582233357,0.04472513322948327,pune
total_no_of_beneficiaries_receiv,-0.11868447158759662,0.03920176076611958,-3.0275291024726263,0.0025200052936105335,pune
total_no_of_farmers_received_ben,0.003476793327703605,0.0014844581849775664,2.342129514248424,0.019342342625869702,pune
total_shg,-0.018077393693029374,0.010328451168102135,-1.750252133529825,0.08033895973644772,pune
total_shg_accessed_bank_loans,-0.04761499364652681,0.032875276790338054,-1.4483526313768016,0.14778845672988064,pune
total_hhd_got_benefit_under_stat,0.060163036715043375,0.010996331863984698,5.47119143539947,5.4722185924818075e-8,pune
gp_total_no_of_eligible_benefici,-0.007376222834058708,0.0032969400254789943,-2.2372936046924474,0.02545632126374961,pune
total_no_of_farmers_subscribed_a,0.0029076624205343396,0.0019609461482750336,1.4827854518555212,0.13840280645015984,pune
availability_of_adult_edu_centre,-2.712230419869034,1.6511169931291836,-1.6426639851418627,0.10074574189701689,raigarh
is_early_childhood_edu_provided_,2.6550142462063646,1.4623256303525896,1.8156108264109405,0.06970937829238352,raigarh
availability_of_govt_degree_coll,5.728384861022264,2.063429256605039,2.7761479307738313,0.005596483817642418,raigarh
availability_of_public_library,-1.891989686301329,1.2077429200249417,-1.5665500123670828,0.11751503165071303,raigarh
total_no_of_women_delivered_babi,0.21926230254528173,0.05509534229604321,3.979688543672566,7.364792586438305e-5,raigarh
total_no_of_newly_born_children,0.06474543659792646,0.02868558305405888,2.2570723584705132,0.024204206612408304,raigarh
sub_centre,1.5941375498510713,0.9103864434180333,1.7510558965112704,0.08022228277285233,raigarh
is_broadband_available,1.9865700779587538,0.6281392294958341,3.16262698566565,0.0016074489908750728,raigarh
is_primary_school_with_computer_,1.6036738634512904,0.5826894186947418,2.7521932130561306,0.006019636340504702,raigarh
gp_total_hhd_receiving_food_grai,0.005307580572494366,0.0017209099396073085,3.084171025071477,0.002093444487024698,raigarh
total_shg,0.04563327746042728,0.018359484048237843,2.485542477148599,0.013086959024328845,raigarh
availability_of_middle_school,1.2295775475882629,0.6549886453430223,1.877250172702344,0.06080212134439655,ratnagiri
total_minority_children_getting_,0.010842012687504692,0.007348995690534613,1.4753053538280105,0.14047485022589845,ratnagiri
total_no_of_pregnant_women,0.10459810245288882,0.05979821542057159,1.7491843480149294,0.08059479883801988,ratnagiri
total_no_of_women_delivered_babi,-0.22202233678718827,0.11788642908889925,-1.8833578937212456,0.059969185764936615,ratnagiri
total_no_of_newly_born_children,0.09235218696685642,0.05112429510913956,1.806424651326811,0.07118084448013737,ratnagiri
is_broadband_available,2.2359394428949857,0.675440818870149,3.3103410105346875,9.682931281675747e-4,ratnagiri
weekly_haat,3.76951123224477,1.2677907638004065,2.973291287392767,0.003023598351691847,ratnagiri
recreational_centre,2.5743207868677933,0.9055187737485425,2.8429237046195883,0.004569766163888565,ratnagiri
total_hhd_having_bpl_cards,0.0047749661413928135,0.003378869292140275,1.413184627324903,0.15794189860071825,ratnagiri
gp_total_hhd_receiving_food_grai,-0.010152441562449115,0.0030645698316967996,-3.3128439291683174,9.597724184246674e-4,ratnagiri
total_hhd_registered_under_pmjay,0.017028837023070502,0.0062103786079881025,2.7419965992358586,0.0062260073598570595,ratnagiri
total_no_of_beneficiaries_receiv,0.5061870912221218,0.1363630341180396,3.712055063133549,2.1801857802233648e-4,ratnagiri
total_no_of_farmers_received_ben,-0.01602416678520139,0.0069654175786778745,-2.3005321079749224,0.021642495315212486,ratnagiri
total_shg,0.09422653676321707,0.030291054980423646,3.110705019158736,0.0019243174729620448,ratnagiri
total_hhd_having_pmsbhgy_benefit,-0.009805423690308103,0.006279993716905221,-1.5613747612378523,0.1187815117213987,ratnagiri
total_no_of_farmers_subscribed_a,0.010023330161068088,0.006243064143636997,1.6055145246719886,0.10872604343930076,ratnagiri
availability_of_high_school,-3.5326935159957817,1.4464820567612284,-2.4422657021447765,0.01497088692865684,sangli
availability_of_middle_school,3.2812428692818427,1.3812226760349315,2.3756074427486875,0.017928878399580548,sangli
total_minority_children_getting_,-0.014502523497382179,0.004761387136788965,-3.045861023424897,0.002453440372876557,sangli
total_no_of_women_delivered_babi,0.17388704240854977,0.025439773428500016,6.835243360058594,2.6102849978382914e-11,sangli
total_no_of_newly_born_children,0.02947066393806486,0.01658663642670622,1.7767715635590833,0.07626662172651015,sangli
total_underweight_child_age_unde,0.054240683582824474,0.009420554922879167,5.757695170492898,1.5605845168051722e-8,sangli
total_no_of_lactating_mothers,-0.07976655720937757,0.021872158802766987,-3.6469448639558397,2.957143135645071e-4,sangli
public_transport,3.8421287817944285,1.3950939429219849,2.7540287170534183,0.006119876513321466,sangli
weekly_haat,3.9033586431345255,1.210214841594144,3.2253435580023653,0.001347863479483563,sangli
is_primary_school_with_computer_,2.067208872490144,1.0669534772914635,1.9374873567476432,0.05329755773554236,sangli
is_village_connected_to_all_weat,-2.227327098066626,1.141306052498557,-1.951559875802413,0.05159699275896642,sangli
total_hhd_having_bpl_cards,0.004482426948455285,0.0018012363727497316,2.4885278891034726,0.013180049170612593,sangli
total_hhd_availing_pmjdy_bank_ac,0.0028354128180306634,0.0019079000098110913,1.4861433007232956,0.13792625231807737,sangli
total_no_of_beneficiaries_receiv,-0.06859382919977851,0.0271190519937326,-2.5293594044375523,0.011760093574622028,sangli
total_no_of_farmers_received_ben,-0.0026860628796318647,0.001282662919831495,-2.094129983881296,0.03679509955445238,sangli
total_shg,0.049459337965711385,0.015786189498897787,3.1330764127191495,0.0018403099819635465,sangli
total_shg_accessed_bank_loans,0.06366399129277664,0.03370185280471828,1.8890353495302086,0.05951583919085702,sangli
total_hhd_got_benefit_under_stat,-0.03350766582326555,0.007666979690530791,-4.370386667992568,1.5345498458707483e-5,sangli
gp_total_no_of_eligible_benefici,-0.00271591388983705,0.0019318831317189625,-1.4058375712512525,0.1604474415673182,sangli
availability_of_high_school,3.4176344694880183,0.832459980108581,4.105463987640875,4.342405838859875e-5,satara
total_minority_children_getting_,0.014910128826130294,0.009017337772057973,1.6534956550404836,0.0985236318929755,satara
total_no_of_pregnant_women,0.04720158851266028,0.02750453135838789,1.7161386208554865,0.08642639573072801,satara
total_no_of_lactating_mothers,0.0517901642690944,0.032271418323044594,1.6048307437455183,0.10882642037839405,satara
availability_of_mother_child_hea,1.093500903289195,0.7051386821516707,1.5507600575144593,0.12125518059832996,satara
total_hhd_having_piped_water_con,0.007027113357439652,0.002099097087103068,3.3476838211126596,8.432932989415458e-4,satara
is_broadband_available,2.6556480799828646,0.7698744871957135,3.4494558842391663,5.836279757257343e-4,satara
any_primary_sch_toilet,8.497252585912948,2.1073506336591925,4.03219684953821,5.918116723459767e-5,satara
is_atm_available,-4.5989080577165184,1.357995910094949,-3.3865404332439923,7.335549056897131e-4,satara
total_hhd_having_bpl_cards,-0.006570846898298162,0.0026138875124089704,-2.513821603685784,0.012089135555908674,satara
total_hhd_availing_pmjdy_bank_ac,0.008137844776593598,0.0029274870787986316,2.7798055320309625,0.005534561545635372,satara
total_hhd_registered_under_pmjay,-0.006674176295997536,0.004051123523493165,-1.6474877295873194,0.0997517161787591,satara
gp_total_no_of_eligible_benefici,0.009367583572917027,0.0031939891708702927,2.9328789397130497,0.003429972296696682,satara
is_atm_available,3.0295069106439274,1.1774044309241984,2.5730384828481827,0.010403935724937204,sindhudurg
total_no_of_newly_born_children,0.15411264421660553,0.04616126512601709,3.3385706348361244,9.128826318213512e-4,sindhudurg
is_broadband_available,1.3345024866664137,0.7511529755632818,1.7766054719621982,0.07631628101864897,sindhudurg
availability_of_govt_degree_coll,4.26900753564825,1.8455009908437916,2.3131970976056717,0.021166893607046617,sindhudurg
availability_of_middle_school,1.2329251152735063,0.7393070094033213,1.6676767561943902,0.09608341532983773,sindhudurg
total_hhd_having_bpl_cards,0.008718269204731776,0.003229775833554794,2.6993418905906457,0.007212260244266523,sindhudurg
recreational_centre,1.6769704429013035,0.8772805120360546,1.911555562780338,0.0565752388544851,sindhudurg
is_primary_school_with_computer_,1.6375417081749466,0.8147840018164308,2.009786280197339,0.04505693872661091,sindhudurg
gp_total_hhd_receiving_food_grai,-0.006169321209121883,0.0032509165624152584,-1.897717486953404,0.05838024705873672,sindhudurg
availability_of_adult_edu_centre,-5.975708913519425,2.601343337915961,-2.297162710673479,0.022072911540802268,sindhudurg
total_hhd_registered_under_pmjay,-0.007783794674025392,0.004240096882020632,-1.8357586844374176,0.06706042459955276,sindhudurg
availability_of_high_school,3.0076771554457573,1.200078728800396,2.506233202260192,0.012415999155429784,solapur
availability_of_middle_school,1.6562160214056016,1.0859144348987642,1.5251809610211182,0.12764121946539486,solapur
total_minority_children_getting_,0.009360155033402592,0.002317661876619151,4.038619752013419,5.9376939624205336e-5,solapur
availability_of_mid_day_meal_sch,4.340706358327582,1.9421896636605664,2.2349549271858344,0.025717986721455203,solapur
availability_of_ssc_school,-2.259203422188917,1.3405927593425764,-1.685227229853774,0.09236634751171323,solapur
total_no_of_women_delivered_babi,-0.016804457640756082,0.008891037524890896,-1.8900446200695002,0.059142550264334626,solapur
total_anemic_adolescent_girls,0.030818108047800625,0.014416622393458936,2.137678799285422,0.032869881944975254,solapur
phc,-2.543932484263253,1.7518485391105103,-1.4521417962051206,0.14688602673477955,solapur
availability_of_mother_child_hea,1.5850239611976835,0.8820748522181344,1.7969268222666799,0.0727549041033923,solapur
total_hhd_having_piped_water_con,-0.00327967659450267,0.001320020654977555,-2.48456460293679,0.013191043679733581,solapur
public_transport,-2.392923021505676,1.233710066311362,-1.9396153819675113,0.05280614101143716,solapur
is_primary_school_with_computer_,1.7856875305139996,0.9152011767122034,1.9511420832400566,0.051417153907915396,solapur
is_atm_available,2.694594015052094,1.5217565147974776,1.7707129812489768,0.07702006290466418,solapur
gp_total_hhd_receiving_food_grai,0.003344448170919522,0.0023832697150427927,1.4033024251556316,0.16094613274808106,solapur
total_no_of_farmers_received_ben,0.0039188654946634765,0.0017717839678568635,2.2118190285939354,0.027283962251296968,solapur
availability_of_middle_school,5.4210723861124555,1.1982020922317171,4.524338941868654,6.760342552964881e-6,thane
total_minority_children_getting_,0.021909562161235744,0.006333298934132201,3.4594233414686952,5.63411930020378e-4,thane
is_vocational_edu_centre_availab,-7.002864298414895,2.8909542658387988,-2.422336590088893,0.015592097920919151,thane
availability_of_adult_edu_centre,-7.180354578032744,2.6245267237386516,-2.7358664375892854,0.006328154764961298,thane
availability_of_govt_degree_coll,-4.915434948248024,3.2333086869050502,-1.5202492011219377,0.12875406886421803,thane
total_no_of_pregnant_women,0.017784916940072094,0.012592863505877997,1.412301255530213,0.15816216476543776,thane
total_no_of_women_delivered_babi,0.20919723544937557,0.07813217482956347,2.6774787199475214,0.00753536039822182,thane
total_no_of_newly_born_children,-0.06087235379147975,0.034934906729026556,-1.742450731689013,0.08172691065076626,thane
sub_centre,3.631432346135617,1.5178036279041027,2.3925574292836362,0.01690908635886306,thane
availability_of_mother_child_hea,1.6946922731290437,1.1477033144085946,1.4765943879863321,0.1400888719593585,thane
public_transport,2.517892029638392,1.6123935553167619,1.5615865130047242,0.11869141957862793,thane
weekly_haat,-2.6450179681490553,1.5259482252006389,-1.7333602310139165,0.08332976978732713,thane
any_primary_sch_toilet,5.792051760505884,3.6891483842174733,1.5700240698598167,0.11671545285616183,thane
total_hhd_having_bpl_cards,0.006710555181935797,0.003205211095719437,2.093639071354068,0.036535245525958916,thane
total_hhd_availing_pmjdy_bank_ac,0.00984264426500551,0.004684839616294137,2.1009565046308603,0.03588639486806721,thane
total_hhd_registered_under_pmjay,-0.012678000059269813,0.007506037318190247,-1.6890403713482414,0.09151318250558613,thane
total_no_of_beneficiaries_receiv,-0.2429601403484956,0.08445422136816683,-2.876826479630231,0.004099513506501403,thane
total_no_of_farmers_received_ben,0.011323518087581606,0.006369432922766435,1.7777906172946185,0.07573209095965126,thane
total_hhd_having_pmsbhgy_benefit,0.017341584148277776,0.008148339628107326,2.1282353141563677,0.03355354886714495,thane
availability_of_middle_school,2.776354523301007,0.732165792059043,3.791975196619289,1.6691942592843197e-4,wardha
no_of_children_not_attending_sch,0.0358651195360381,0.020687914300852973,1.7336266486061072,0.0835748092385694,wardha
total_minority_children_getting_,0.029603774678375657,0.008414685059782245,3.5181084577800874,4.7256074115846285e-4,wardha
availability_of_mid_day_meal_sch,-3.308113907243634,1.3765564794094602,-2.4031806589314866,0.01660103333433012,wardha
is_early_childhood_edu_provided_,-7.149377770573827,1.6176947839728288,-4.419484961814595,1.2039533762090926e-5,wardha
total_no_of_newly_born_underweig,0.3812922354775149,0.12070508321318288,3.1588747161881896,0.0016755182769449194,wardha
total_underweight_child_age_unde,-0.06283798774476232,0.010862121610478748,-5.785056547713678,1.2504080405203449e-8,wardha
total_anemic_adolescent_girls,-0.04229224100854006,0.022295077850292524,-1.8969317484569879,0.05838864499956081,wardha
phc,6.603012562984442,2.505332607174106,2.6355832132134824,0.00864909410975799,wardha
chc,-2.4417578045495385,1.0447706448009593,-2.3371232879678785,0.01980992032782717,wardha
weekly_haat,2.8812585066538534,0.8186999583574526,3.519309457929479,4.704762176062504e-4,wardha
is_village_connected_to_all_weat,1.3650407130917956,0.7462329048691448,1.8292421899181213,0.0679336216073322,wardha
gp_total_hhd_receiving_food_grai,0.009855578292864424,0.0021860748932546114,4.508344303882249,8.073346652145845e-6,wardha
total_hhd_got_benefit_under_stat,0.017180791328789025,0.00841016058494141,2.042861269444918,0.041567913351747816,wardha
total_no_of_farmers_subscribed_a,0.01158126697349841,0.006996328021599865,1.6553350468622108,0.09845758821767119,wardha
total_no_of_women_delivered_babi,0.4705704578260812,0.08843368091490685,5.32116782833993,1.6774887789276995e-7,washim
availability_of_high_school,4.855884606353985,1.441450588070237,3.3687485693525376,8.244680005263927e-4,washim
total_hhd_registered_under_pmjay,0.013482077291197426,0.005517211743184405,2.4436396351567047,0.014948665755385194,washim
gp_total_no_of_eligible_benefici,0.006985904832662726,0.003811150163597297,1.8330174705236013,0.06750427091616829,washim
gp_total_hhd_receiving_food_grai,0.005751604673492872,0.0033523399440149476,1.7156985179147533,0.08695121407104701,washim
is_primary_school_with_computer_,1.7440527764103277,1.047663401372946,1.6647071703800806,0.09671343020442345,washim
total_no_of_beneficiaries_receiv,-0.2006998372338636,0.08100700596894278,-2.4775614754952153,0.013618872355646561,washim
is_atm_available,8.07468595394993,3.2443741554812062,2.4888269869577635,0.013201043231866568,washim
is_bank_available,-3.8134796843006753,2.3631221054340488,-1.6137463551001021,0.10732992379145627,washim
chc,-4.583957959108896,2.1701832723434737,-2.1122446281501865,0.03525242546083528,washim
no_of_children_not_attending_sch,0.02779172195475474,0.019188415762369244,1.4483593798951133,0.14825914316213012,washim
total_no_of_lactating_mothers,-0.05536248800950797,0.01719032266155837,-3.220561306467597,0.0013783840209651316,washim
availability_of_mother_child_hea,-2.6024046120448494,1.1685765278141254,-2.22698689397156,0.02647506710543961,washim
total_minority_children_getting_,0.013721919719724113,0.007132576642931431,1.923837682602807,0.05463510019730196,yavatmal
availability_of_ssc_school,-4.285017164357183,1.4683139540584063,-2.9183248940142774,0.0035914465754781767,yavatmal
is_early_childhood_edu_provided_,2.520816208640123,1.6435211435813624,1.5337899475677357,0.12537152300074236,yavatmal
total_no_of_newly_born_children,-0.04624247507709717,0.0301327431015516,-1.5346254710782052,0.12516604653505203,yavatmal
total_no_of_newly_born_underweig,0.20869666020507752,0.07504270231958764,2.7810387120161524,0.0055118926868712005,yavatmal
total_underweight_child_age_unde,0.05718062964853176,0.020932948978582316,2.7316088959580656,0.00640436579002636,yavatmal
total_no_of_lactating_mothers,0.04623046067026664,0.028315789824602092,1.632674241355593,0.1028263468766998,yavatmal
sub_centre,1.5921094692922855,1.0902285159604437,1.4603447313884526,0.14448351716406105,yavatmal
availability_of_mother_child_hea,-2.3208129209284123,0.8781675144070455,-2.642790678149222,0.00834046973593699,yavatmal
total_hhd_having_piped_water_con,-0.006455373890182212,0.003371080624278413,-1.9149271731120339,0.055763300714278735,yavatmal
no_electricity,11.031188900984299,4.408364717666456,2.50233127417452,0.012483423560183506,yavatmal
telephone_services,2.6739499624910343,1.3426607950923077,1.991530528235317,0.04667182040317608,yavatmal
is_broadband_available,-2.2051267696379253,0.8732089817966902,-2.52531388889372,0.011700394232480623,yavatmal
is_primary_school_with_computer_,2.2676499225615085,0.787126885222514,2.8809204273596416,0.004042837645278078,yavatmal
is_village_connected_to_all_weat,1.9839654335879278,0.8423210574201485,2.355355379176195,0.018681441348432488,yavatmal
total_hhd_having_bpl_cards,0.01840157385159881,0.0037027766739895465,4.969668838215966,7.783189044856039e-7,yavatmal
gp_total_hhd_receiving_food_grai,-0.007587488015645634,0.0031188696084579323,-2.432768588680156,0.015143912464633721,yavatmal
total_hhd_availing_pmjdy_bank_ac,0.016458396004646613,0.003540259132475101,4.648924100971122,3.74481885597772e-6,yavatmal
total_hhd_registered_under_pmjay,0.00910660678091365,0.005036958757551377,1.8079573844556662,0.07088867562966382,yavatmal
total_no_of_farmers_received_ben,0.009442155238229976,0.005305503763739105,1.7796906116179108,0.07540516036061207,yavatmal
total_shg_accessed_bank_loans,0.1297814913420086,0.07228323206104066,1.795457779646774,0.07285770560104249,yavatmal
total_hhd_got_benefit_under_stat,0.053991456040072036,0.011313569563675019,4.77227419128838,2.0692849618253292e-6,yavatmal
gp_total_no_of_eligible_benefici,0.007644583536905365,0.004912837478345934,1.5560424236706405,0.11998828965684462,yavatmal
